<?xml version="1.0" encoding="UTF-8"?>
<rss version="2.0" xmlns:ror="http://rorweb.com/0.1/" >
<channel>
  <title>ROR Sitemap for https://clickuniversal.netlify.app/index.html</title>
  <link>https://clickuniversal.netlify.app/index.html</link>

<item>
     <link>https://clickuniversal.netlify.app/index.html</link>
     <title>ClickUniversal</title>
     <description>universo</description>
     <ror:updatePeriod></ror:updatePeriod>
     <ror:sortOrder>0</ror:sortOrder>
     <ror:resourceOf>sitemap</ror:resourceOf>
</item>
<item>
     <link>https://clickuniversal.netlify.app/planetas.html</link>
     <title>ClickUniversal</title>
     <description>Aqui vas a encontrar fotos de planetas y sus respectivos nombres</description>
     <ror:updatePeriod></ror:updatePeriod>
     <ror:sortOrder>1</ror:sortOrder>
     <ror:resourceOf>sitemap</ror:resourceOf>
</item>
<item>
     <link>https://clickuniversal.netlify.app/galaxias.html</link>
     <title>ClickUniversal</title>
     <description>Aqui vas a encontrar fotos de galaxias y sus respectivos nombres</description>
     <ror:updatePeriod></ror:updatePeriod>
     <ror:sortOrder>1</ror:sortOrder>
     <ror:resourceOf>sitemap</ror:resourceOf>
</item>
<item>
     <link>https://clickuniversal.netlify.app/aujeros%20negros</link>
     <title>ClickUniversal</title>
     <description>Aqui vas a encontrar fotos de aujeros negros y sus respectivos nombres</description>
     <ror:updatePeriod></ror:updatePeriod>
     <ror:sortOrder>1</ror:sortOrder>
     <ror:resourceOf>sitemap</ror:resourceOf>
</item>
<item>
     <link>https://clickuniversal.netlify.app/contacto</link>
     <title>Click Universal</title>
     <description>Aca vas a encontrar el formulario para poder contactarme</description>
     <ror:updatePeriod></ror:updatePeriod>
     <ror:sortOrder>1</ror:sortOrder>
     <ror:resourceOf>sitemap</ror:resourceOf>
</item>
</channel>
</rss>
  